reporting_entity_name_legal, reporting_entity_name_common, reporting_entity_type, machine_readable_url, machine_readable_url_status, machine_readable_page, supplemental_url, file_name, file_format, meets_standard, standard_issue, state_or_region, last_updated_date,entry_date,notes
Abington Hospital Jefferson Health,Abington Hospital Jefferson Health,hospital,https://use2webtechstgpricelist.blob.core.windows.net/pricelist/Complete%20File/23-1352152%20_JAB001_Abington%20Hospital%20-%20Jefferson%20Health%20_standardcharges.csv?campaign_url=https%3A%2F%2Fwww.abingtonhealth.org%2Fpatients-guests%2Fpayment-information%2Fcharge-description-master%2F&ga_cid=894136620.1647407797,up,,,23-1352152 _JAB001_Abington Hospital - Jefferson Health _standardcharges.csv,csv,,,PA,, 2022-04-14,
Lansdale Hospital Jefferson Health,Lansdale Hospital Jefferson Health,hospital,https://use2webtechstgpricelist.blob.core.windows.net/pricelist/Complete%20File/26-3359979_JAB002_Abington%20-%20Lansdale%20Hospital%20-%20Jefferson%20Health_standardcharges.csv?campaign_url=https%3A%2F%2Fwww.abingtonhealth.org%2Fpatients-guests%2Fpayment-information%2Fcharge-description-master%2F&ga_cid=894136620.1647407797,up,,, 26-3359979_JAB002_Abington - Lansdale Hospital - Jefferson Health_standardcharges.csv,csv,,,PA,, 2022-04-14,
The Hospital of the University of Pennsylvania,The Hospital of the University of Pennsylvania,hospital,https://www.pennmedicine.org/-/media/documents%20and%20audio/non%20patient%20instructions/health%20system/hospital%20of%20the%20univ%20of%20pennsylvania_23_1352685_march2021a.ashx?la=en,up,,,,csv,,,PA,, 2022-04-14,
Penn Presbyterian Medical Center,Penn Presbyterian Medical Center,hospital,https://www.pennmedicine.org/-/media/documents%20and%20audio/non%20patient%20instructions/health%20system/penn%20presbyterian%20medical%20center_23_2810852_march2021a.ashx?la=en,up,,,,csv,,,PA,, 2022-04-14,
Children's Hospital of Philadelphia,Children's Hospital of Philadelphia,hospital,https://media.chop.edu/data/files/finance/23-1352166_Children%E2%80%99sHospitalofPhiladelphia_standardcharges.csv,up,https://www.chop.edu/centers-programs/billing-and-insurance/understanding-hospital-charges,,,csv,,,PA,2021-12-31, 2022-04-14,
Pennsylvania Hospital,Pennsylvania Hospital,hospital,https://www.pennmedicine.org/-/media/documents%20and%20audio/non%20patient%20instructions/health%20system/pahosp%20price%20list.ashx?la=en,up,,,,csv,,,PA,2021-03-01, 2022-04-14,
Penn Medicine Chester Counter Hospital,Penn Medicine Chester Counter Hospital,hospital,https://www.pennmedicine.org/-/media/documents%20and%20audio/non%20patient%20instructions/health%20system/chester%20county%20hospital_23_0469150_march2021a.ashx?la=en,up,,,,csv,,,PA,2021-03-01, 2022-04-14,
Penn Medicine Lancaster General Health,Penn Medicine Lancaster General Health,hospital,https://www.pennmedicine.org/-/media/documents%20and%20audio/non%20patient%20instructions/health%20system/lancaster%20general%20hospital_23_1365353_march2021a.ashx?la=en,up,,,,csv,,,PA,2021-03-01, 2022-04-14,
UCLA Santa Monica Medical Center,UCLA Santa Monica Medical Center,hospital,https://uclahealth.s3-us-west-1.amazonaws.com/price-transparency/954941687_SantaMonicaUCLAMedicalCenter_StandardChargesjson.zip,up,,,,zip/json,,,CA,, 2022-04-14,
UCLA Ronald Reagan Medical Center,UCLA Ronald Reagan Medical Center,hospital,https://uclahealth.s3-us-west-1.amazonaws.com/price-transparency/956006143_RonaldReaganUCLAMedicalCenter_StandardChargesjson.zip,up,,,,zip/json,,,CA,, 2022-04-14,
UCLA Resnick Neuropsychiatric Hospital,UCLA Resnick Neuropsychiatric Hospital,hospital,https://uclahealth.s3-us-west-1.amazonaws.com/price-transparency/956006143_ResnickNeuropsychiatricHospital_StandardChargesjson.zip,up,,,,zip/json,,,CA,, 2022-04-14,
Tower Health,Chestnut Hill Hospital,hospital,https://chestnuthill.towerhealth.org/app/files/public/6a309db7-fe61-4180-8247-c30f6c536d8a/82-2108660_ChestnutHillHospital_StandardCharges2022.csv,up,https://towerhealth.org/locations/chestnut-hill-hospital/billing/hospital-pricing-chestnut-hill-hospital,,82-2108660_ChestnutHillHospital_StandardCharges2022.csv,csv,,,PA,,2022-04-20,
,Tower Health,hospital,,up,https://towerhealth.org/locations/reading-hospital/billing/hospital-pricing-reading-hospital,,23-1352204_readinghospital_standardcharges2022,csv,,,PA,,2022-05-04,
MedStar,MedStar Franklin Square Medical Center,hospital,https://www.medstarhealth.org/-/media/project/mho/medstar/footer/price-transparency-disclosure/price-transparency-2022/520608007_medstar-franklin-square-medical-center_standard-charges.xlsx,up,https://www.medstarhealth.org/price-transparency-disclosures,,,xlsx,,,MD,2021-12-31,2022-05-04,
,MedStar Georgetown University Hospital,hospital,https://www.medstarhealth.org/-/media/project/mho/medstar/footer/price-transparency-disclosure/price-transparency-2022/medstar-georgetown-university-hospital_standard-charges.xlsx,up,https://www.medstarhealth.org/price-transparency-disclosures,,,xlsx,,,MD,2021-12-31,2022-05-04,
,MedStar Good Samaritan Hospital,hospital,https://www.medstarhealth.org/-/media/project/mho/medstar/footer/price-transparency-disclosure/price-transparency-2022/520591607_medstar-good-samaritan-hospital_standard-charges.xlsx,up,https://www.medstarhealth.org/price-transparency-disclosures,,,xlsx,,,MD,2021-12-31,2022-05-04,
,MedStar Harbor Hospital,hospital,https://www.medstarhealth.org/-/media/project/mho/medstar/footer/price-transparency-disclosure/price-transparency-2022/520491660_medstar-harbor-hospital_standard-charges.xlsx,up,https://www.medstarhealth.org/price-transparency-disclosures,,,xlsx,,,MD,2021-12-31,2022-05-04,
,MedStar Montgomery Medical Center,hospital,https://www.medstarhealth.org/-/media/project/mho/medstar/footer/price-transparency-disclosure/price-transparency-2022/520646893_medstar-montgomery-medical-center_standard-charges.xlsx,up,https://www.medstarhealth.org/price-transparency-disclosures,,,xlsx,,,MD,2021-12-31,2022-05-04,
,MedStar National Rehabilitation Hospital,hospital,https://www.medstarhealth.org/-/media/project/mho/medstar/footer/price-transparency-disclosure/price-transparency-2022/medstar-national-rehabilitation-hospital_standard-charges.xlsx,up,https://www.medstarhealth.org/price-transparency-disclosures,,,xlsx,,,DC,2021-12-31,2022-05-04,
,MedStar Southern Maryland Hospital Center,hospital,https://www.medstarhealth.org/-/media/project/mho/medstar/footer/price-transparency-disclosure/price-transparency-2022/460726303_medstar-southern-maryland-hospital-center_standard-charges.xlsx,up,https://www.medstarhealth.org/price-transparency-disclosures,,,xlsx,,,MD,2021-12-31,2022-05-04,
,MedStar St. Mary's Hospital,hospital,https://www.medstarhealth.org/-/media/project/mho/medstar/footer/price-transparency-disclosure/price-transparency-2022/520619006_medstar-st-marys-hospital_standard-charges.xlsx,up,https://www.medstarhealth.org/price-transparency-disclosures,,,xlsx,,,MD,2021-12-31,2022-05-04,
,MedStar Union Memorial Hospital,hospital,https://www.medstarhealth.org/-/media/project/mho/medstar/footer/price-transparency-disclosure/price-transparency-2022/520591685_medstar-union-memorial-hospital_standard-charges.xlsx,up,https://www.medstarhealth.org/price-transparency-disclosures,,,xlsx,,,MD,2021-12-31,2022-05-04,
,MedStar Washington Hospital Center,hospital,https://www.medstarhealth.org/-/media/project/mho/medstar/footer/price-transparency-disclosure/price-transparency-2022/medstar-washington-hospital-center_standard-charges.xlsx,up,https://www.medstarhealth.org/price-transparency-disclosures,,,xlsx,,,DC,2021-12-31,2022-05-04,
LifeBridge Health,Sinair Hospital of Baltimore,hospital,https://www.lifebridgehealth.org/Uploads/Public/Documents/PriceTransparency/StandardCharges/2021/210012_SinaiHospital_rev10082021.xlsx,up,https://www.lifebridgehealth.org/Main/PriceTransparency.aspx,,,xlsx,,,MD,,2022-05-04,
,Northwest Hospital,hospital,https://www.lifebridgehealth.org/Uploads/Public/Documents/PriceTransparency/StandardCharges/Northwest-Hospital.xlsx,up,https://www.lifebridgehealth.org/Main/PriceTransparency.aspx,,,xlsx,,,MD,,2022-05-04,
,Carroll Hospital,hospital,https://www.lifebridgehealth.org/Uploads/Public/Documents/PriceTransparency/StandardCharges/2021/210033_CarrollHospital_rev10082021.xlsx,up,https://www.lifebridgehealth.org/Main/PriceTransparency.aspx,,,xlsx,,,MD,,2022-05-04,
,Levindale Hebrew Geriatric Center and Hospital,hospital,https://www.lifebridgehealth.org/Uploads/Public/Documents/PriceTransparency/StandardCharges/Levindale-2021.xlsx,up,https://www.lifebridgehealth.org/Main/PriceTransparency.aspx,,,xlsx,,,MD,,2022-05-04,
,Grace Medical Center,hospital,https://www.lifebridgehealth.org/Uploads/Public/Documents/PriceTransparency/StandardCharges/2021/210013_GraceMedical_rev10082021.xlsx,up,https://www.lifebridgehealth.org/Main/PriceTransparency.aspx,,,xlsx,,,MD,,2022-05-04,
Mercy,Mercy Medical Center,hospital,https://mdmercy.com/-/media/files/about-mercy/policies-and-documents/standard-charges2022.ashx,up,https://mdmercy.com/patients-and-visitors/billing-and-insurance/hospital-charge-and-facility-fee-information,,,xlsx,,,MD,,2022-05-04,
Hopkins Medicine,Howard County General Hospital,hospital,https://jhm-web-assets.s3.amazonaws.com/hopkinsmedicine/prod/charge-fees/522093120_HowardCountyGeneralHospital_standardcharges.csv,up,https://www.hopkinsmedicine.org/patient_care/patients-visitors/billing-insurance/pay-bill/charges-fees.html,,,csv,,,MD,,2022-05-04,
,The Johns Hopkins Hospital,hospital,https://jhm-web-assets.s3.amazonaws.com/hopkinsmedicine/prod/charge-fees/520591656_JohnsHopkinsHospital_standardcharges.csv,up,https://www.hopkinsmedicine.org/patient_care/patients-visitors/billing-insurance/pay-bill/charges-fees.html,,,csv,,,MD,,2022-05-04,
,Johns Hopkins Bayview Medical Center,hospital,https://jhm-web-assets.s3.amazonaws.com/hopkinsmedicine/prod/charge-fees/521341890_JohnsHopkinsBayview_standardcharges.csv,up,https://www.hopkinsmedicine.org/patient_care/patients-visitors/billing-insurance/pay-bill/charges-fees.html,,,csv,,,MD,,2022-05-04,
,Sibley Memorial Hospital,hospital,https://jhm-web-assets.s3.amazonaws.com/hopkinsmedicine/prod/charge-fees/530196602_SibleyMemorialHospital_standardcharges.csv,up,https://www.hopkinsmedicine.org/patient_care/patients-visitors/billing-insurance/pay-bill/charges-fees.html,,,csv,,,MD,,2022-05-04,
,Suburban Hospital,hospital,https://jhm-web-assets.s3.amazonaws.com/hopkinsmedicine/prod/charge-fees/520610545_SuburbanHospital_standardcharges.csv,up,https://www.hopkinsmedicine.org/patient_care/patients-visitors/billing-insurance/pay-bill/charges-fees.html,,,csv,,,MD,,2022-05-04,
,Johns Hopkins All Children's Hospital,hospital,https://www.hopkinsallchildrens.org/Patients-Families/Patient-Financial-Information/How-Much-Care-Costs,up,https://www.hopkinsmedicine.org/patient_care/patients-visitors/billing-insurance/pay-bill/charges-fees.html,,,csv,,,MD,,2022-05-04,
University of Maryland,University of Maryland Medical Center,hospital,https://www.umms.org/ummc/-/media/files/ummc/patients-and-visitors/for-patients/hospital-charges/521362793-ummc-standard-charges--feb-2022.csv,up,https://www.umms.org/ummc/patients-visitors/for-patients/hospital-charges,,,csv,,,MD,,2022-05-04,"UMD doesn't seem to disclose based on individual procedures like others, also doesn't disclose ""physician services charges"""
,R Adams Cowley Shock Trauma Center,hospital,https://www.umms.org/ummc/-/media/files/ummc/patients-and-visitors/for-patients/hospital-charges/521362793-um-r-adams-cowley-shock-trauma-center-standard-charges--feb-2022.csv,up,https://www.umms.org/ummc/patients-visitors/for-patients/hospital-charges,,,csv,,,MD,,2022-05-04,
Mt. Washington Pediatric Hospital,Mt. Washington Pediatric Hospital,hospital,https://www.mwph.org/-/media/files/mwph/patients-and-guests/hospital-charges/520591483-mtwashington-pediatric-hospital-standard-charges.csv,up,https://www.mwph.org/patients-and-guests/financial/hospital-charges,,,csv,,,MD,,2022-05-04,
Acension,Saint Vincent's East,,https://healthcare.ascension.org/-/media/project/ascension/healthcare/price-transparency-files/al/630578923_ascension-saint-vincents-east_standardcharges.xlsx,up,https://healthcare.ascension.org/price-transparency/price-transparency-files,,,xlsx,,,AL,2021-09-30,2022-05-04,
,Saint Vincent's Blount,,https://healthcare.ascension.org/-/media/project/ascension/healthcare/price-transparency-files/al/630909073_saint-vincents-blount_standardcharges.xlsx,up,https://healthcare.ascension.org/price-transparency/price-transparency-files,,,xlsx,,,AL,2021-09-30,2022-05-04,
,Saint Vincent's Birmingham,,https://healthcare.ascension.org/-/media/project/ascension/healthcare/price-transparency-files/al/630288864_saint-vincents-birmingham_standardcharges.xlsx,up,https://healthcare.ascension.org/price-transparency/price-transparency-files,,,xlsx,,,AL,2021-09-30,2022-05-04,
,Saint Vincent's Chilton,,https://healthcare.ascension.org/-/media/project/ascension/healthcare/price-transparency-files/al/810935368_saint-vincents-chilton_standardcharges.xlsx,up,https://healthcare.ascension.org/price-transparency/price-transparency-files,,,xlsx,,,AL,2021-09-30,2022-05-04,
,Saint Vincent's Saint Clair,,https://healthcare.ascension.org/-/media/project/ascension/healthcare/price-transparency-files/al/631146531_saint-vincents-saint-clair_standardcharges.xlsx,up,https://healthcare.ascension.org/price-transparency/price-transparency-files,,,xlsx,,,AL,2021-09-30,2022-05-04,
,Ascension Providence,,https://healthcare.ascension.org/-/media/project/ascension/healthcare/price-transparency-files/al/630288861_ascension-providence_standardcharges.xlsx,up,https://healthcare.ascension.org/price-transparency/price-transparency-files,,,xlsx,,,AL,2021-09-30,2022-05-04,
,Ascension St. Vincent's Riverside,,https://healthcare.ascension.org/-/media/project/ascension/healthcare/price-transparency-files/fl/590624449_ascension-st-vincents-riverside_standardcharges.xlsx,up,https://healthcare.ascension.org/price-transparency/price-transparency-files,,,xlsx,,,FL,2021-09-30,2022-05-04,
,Ascension St. Vincent's Southside,,https://healthcare.ascension.org/-/media/project/ascension/healthcare/price-transparency-files/fl/260479484_ascension-st-vincents-southside_standardcharges.xlsx,up,https://healthcare.ascension.org/price-transparency/price-transparency-files,,,xlsx,,,FL,2021-09-30,2022-05-04,
,Ascension St. Vincent's Clay County,,https://healthcare.ascension.org/-/media/project/ascension/healthcare/price-transparency-files/fl/461523194_ascension-st-vincents-clay-county_standardcharges.xlsx,up,https://healthcare.ascension.org/price-transparency/price-transparency-files,,,xlsx,,,FL,2021-09-30,2022-05-04,
,Ascension Sacred Heart Pensacola,,https://healthcare.ascension.org/-/media/project/ascension/healthcare/price-transparency-files/fl/590634434_ascension-sacred-heart-pensacola_standardcharges.xlsx,up,https://healthcare.ascension.org/price-transparency/price-transparency-files,,,xlsx,,,FL,2021-09-30,2022-05-04,
,Ascension Sacred Heart Emerald Coast,,https://healthcare.ascension.org/-/media/project/ascension/healthcare/price-transparency-files/fl/721529708_ascension-sacred-heart-emerald-coast_standardcharges.xlsx,up,https://healthcare.ascension.org/price-transparency/price-transparency-files,,,xlsx,,,FL,2021-09-30,2022-05-04,
,Ascension Sacred Heart Gulf,,https://healthcare.ascension.org/-/media/project/ascension/healthcare/price-transparency-files/fl/300577249_ascension-sacred-heart-gulf_standardcharges.xlsx,up,https://healthcare.ascension.org/price-transparency/price-transparency-files,,,xlsx,,,FL,2021-09-30,2022-05-04,
,Ascension Sacred Heart Bay,,https://healthcare.ascension.org/-/media/project/ascension/healthcare/price-transparency-files/fl/900799724_ascension-sacred-heart-bay_standardcharges.xlsx,up,https://healthcare.ascension.org/price-transparency/price-transparency-files,,,xlsx,,,FL,2021-09-30,2022-05-04,
,Alexian Brothers Medical Center (includes Alexian Brothers Rehab Hospital),,https://healthcare.ascension.org/-/media/project/ascension/healthcare/price-transparency-files/il/362596381_amita-health-alexian-brothers-medical-center-elk-grove-village-and-amita-health-rehabilitation-hospital-elk-grove-village_standardcharges.xlsx,up,https://healthcare.ascension.org/price-transparency/price-transparency-files,,,xlsx,,,IL,2021-09-30,2022-05-04,
,St. Alexius Medical Center (incl. Women's & Children's Hospitals),,https://healthcare.ascension.org/-/media/project/ascension/healthcare/price-transparency-files/il/364251846_amita-health-st-alexius-medical-center-hoffman-estates-and-amita-health-women-and-childrens-hospital-hoffman-estates_standardcharges.xlsx,up,https://healthcare.ascension.org/price-transparency/price-transparency-files,,,xlsx,,,IL,2021-09-30,2022-05-04,
,Alexian Brothers Behavioral Health Hospital,,https://healthcare.ascension.org/-/media/project/ascension/healthcare/price-transparency-files/il/364251848_alexian-brothers-behavioral-health-hospital_standardcharges.xlsx,up,https://healthcare.ascension.org/price-transparency/price-transparency-files,,,xlsx,,,IL,2021-09-30,2022-05-04,
,Presence Holy Family Medical Center,,https://healthcare.ascension.org/-/media/project/ascension/healthcare/price-transparency-files/il/362235165_amita-health-holy-family-medical-center-des-plaines_standardcharges.xlsx,up,https://healthcare.ascension.org/price-transparency/price-transparency-files,,,xlsx,,,IL,2021-09-30,2022-05-04,
,Presence Resurrection Medical Center,,https://healthcare.ascension.org/-/media/project/ascension/healthcare/price-transparency-files/il/362235165_amita-health-resurrection-medical-center-chicago_standardcharges.xlsx,up,https://healthcare.ascension.org/price-transparency/price-transparency-files,,,xlsx,,,IL,2021-09-30,2022-05-04,
,Presence St Joseph Hospital - Chicago,,https://healthcare.ascension.org/-/media/project/ascension/healthcare/price-transparency-files/il/362235165_amita-health-saint-joseph-hospital-chicago_standardcharges.xlsx,up,https://healthcare.ascension.org/price-transparency/price-transparency-files,,,xlsx,,,IL,2021-09-30,2022-05-04,
,Presence St Mary and Elizabeth Medical Center,,https://healthcare.ascension.org/-/media/project/ascension/healthcare/price-transparency-files/il/362235165_amita-health-saints-mary-and-elizabeth-medical-center-chicago_standardcharges.xlsx,up,https://healthcare.ascension.org/price-transparency/price-transparency-files,,,xlsx,,,IL,2021-09-30,2022-05-04,
,Presence Mercy Medical Center - Aurora,,https://healthcare.ascension.org/-/media/project/ascension/healthcare/price-transparency-files/il/364195126_amita-health-mercy-medical-center-aurora_standardcharges.xlsx,up,https://healthcare.ascension.org/price-transparency/price-transparency-files,,,xlsx,,,IL,2021-09-30,2022-05-04,
,Presence St Francis Hospital - Evanston,,https://healthcare.ascension.org/-/media/project/ascension/healthcare/price-transparency-files/il/362235165_amita-health-saint-francis-hospital-evanston_standardcharges.xlsx,up,https://healthcare.ascension.org/price-transparency/price-transparency-files,,,xlsx,,,IL,2021-09-30,2022-05-04,
,Presence St Joseph Hospital - Elgin,,https://healthcare.ascension.org/-/media/project/ascension/healthcare/price-transparency-files/il/364195126_amita-health-saint-joseph-hospital-elgin_standardcharges.xlsx,up,https://healthcare.ascension.org/price-transparency/price-transparency-files,,,xlsx,,,IL,2021-09-30,2022-05-04,
,Presence St Joseph Medical Center - Joliet,,https://healthcare.ascension.org/-/media/project/ascension/healthcare/price-transparency-files/il/364195126_amita-health-saint-joseph-medical-center-joliet_standardcharges.xlsx,up,https://healthcare.ascension.org/price-transparency/price-transparency-files,,,xlsx,,,IL,2021-09-30,2022-05-04,
,Presence St Mary's Hospital - Kankakee,,https://healthcare.ascension.org/-/media/project/ascension/healthcare/price-transparency-files/il/364195126_amita-health-st-marys-hospital-kankakee_standardcharges.xlsx,up,https://healthcare.ascension.org/price-transparency/price-transparency-files,,,xlsx,,,IL,2021-09-30,2022-05-04,
,Ascension St. Vincent Kokomo,,https://healthcare.ascension.org/-/media/project/ascension/healthcare/price-transparency-files/in/350992717_ascension-st-vincent-kokomo-_standardcharges.xlsx,up,https://healthcare.ascension.org/price-transparency/price-transparency-files,,,xlsx,,,IN,2021-09-30,2022-05-04,
,Ascension St. Vincent Hospital,,https://healthcare.ascension.org/-/media/project/ascension/healthcare/price-transparency-files/in/350869066_ascension-st-vincent-hospital_standardcharges.xlsx,up,https://healthcare.ascension.org/price-transparency/price-transparency-files,,,xlsx,,,IN,2021-09-30,2022-05-04,
,Ascension St. Vincent Anderson,,https://healthcare.ascension.org/-/media/project/ascension/healthcare/price-transparency-files/in/460877261_ascension-st-vincent-anderson_standardcharges.xlsx,up,https://healthcare.ascension.org/price-transparency/price-transparency-files,,,xlsx,,,IN,2021-09-30,2022-05-04,
,Ascension St. Vincent Evansville,,https://healthcare.ascension.org/-/media/project/ascension/healthcare/price-transparency-files/in/350869065_ascension-st-vincent-evansville_standardcharges.xlsx,up,https://healthcare.ascension.org/price-transparency/price-transparency-files,,,xlsx,,,IN,2021-09-30,2022-05-04,
,Ascension St. Vincent Heart Center,,https://healthcare.ascension.org/-/media/project/ascension/healthcare/price-transparency-files/in/364492612_ascension-st-vincent-heart-center_standardcharges.xlsx,up,https://healthcare.ascension.org/price-transparency/price-transparency-files,,,xlsx,,,IN,2021-09-30,2022-05-04,
,Ascension St. Vincent Carmel,,https://healthcare.ascension.org/-/media/project/ascension/healthcare/price-transparency-files/in/743107055_ascension-st-vincent-carmel_standardcharges.xlsx,up,https://healthcare.ascension.org/price-transparency/price-transparency-files,,,xlsx,,,IN,2021-09-30,2022-05-04,
,Ascension St. Vincent Fishers,,https://healthcare.ascension.org/-/media/project/ascension/healthcare/price-transparency-files/in/454243702_ascension-st-vincent-fishers_standardcharges.xlsx,up,https://healthcare.ascension.org/price-transparency/price-transparency-files,,,xlsx,,,IN,2021-09-30,2022-05-04,
,Ascension St. Vincent Randolph,,https://healthcare.ascension.org/-/media/project/ascension/healthcare/price-transparency-files/in/352103153_ascension-st-vincent-randolph_standardcharges.xlsx,up,https://healthcare.ascension.org/price-transparency/price-transparency-files,,,xlsx,,,IN,2021-09-30,2022-05-04,
,Ascension St. Vincent Jennings,,https://healthcare.ascension.org/-/media/project/ascension/healthcare/price-transparency-files/in/351841606_ascension-st-vincent-jennings_standardcharges.xlsx,up,https://healthcare.ascension.org/price-transparency/price-transparency-files,,,xlsx,,,IN,2021-09-30,2022-05-04,
,Ascension St. Vincent Williamsport,,https://healthcare.ascension.org/-/media/project/ascension/healthcare/price-transparency-files/in/350784551_ascension-st-vincent-williamsport_standardcharges.xlsx,up,https://healthcare.ascension.org/price-transparency/price-transparency-files,,,xlsx,,,IN,2021-09-30,2022-05-04,
,Ascension St. Vincent Mercy,,https://healthcare.ascension.org/-/media/project/ascension/healthcare/price-transparency-files/in/350876389_ascension-st-vincent-mercy_standardcharges.xlsx,up,https://healthcare.ascension.org/price-transparency/price-transparency-files,,,xlsx,,,IN,2021-09-30,2022-05-04,
,Ascension St. Vincent Clay,,https://healthcare.ascension.org/-/media/project/ascension/healthcare/price-transparency-files/in/352112529_ascension-st-vincent-clay_standardcharges.xlsx,up,https://healthcare.ascension.org/price-transparency/price-transparency-files,,,xlsx,,,IN,2021-09-30,2022-05-04,
,Ascension St. Vincent Salem,,https://healthcare.ascension.org/-/media/project/ascension/healthcare/price-transparency-files/in/270847538_ascension-st-vincent-salem_standardcharges.xlsx,up,https://healthcare.ascension.org/price-transparency/price-transparency-files,,,xlsx,,,IN,2021-09-30,2022-05-04,
,Ascension St. Vincent Warrick,,https://healthcare.ascension.org/-/media/project/ascension/healthcare/price-transparency-files/in/351343019_ascension-st-vincent-warrick_standardcharges.xlsx,up,https://healthcare.ascension.org/price-transparency/price-transparency-files,,,xlsx,,,IN,2021-09-30,2022-05-04,
,Ascension St. Vincent Dunn,,https://healthcare.ascension.org/-/media/project/ascension/healthcare/price-transparency-files/in/272192831_ascension-st-vincent-dunn_standardcharges.xlsx,up,https://healthcare.ascension.org/price-transparency/price-transparency-files,,,xlsx,,,IN,2021-09-30,2022-05-04,
,Ascension St. Vincent Seton Specialty Hospital,,https://healthcare.ascension.org/-/media/project/ascension/healthcare/price-transparency-files/in/351712001_ascension-st-vincent-seton-specialty-hospital_standardcharges.xlsx,up,https://healthcare.ascension.org/price-transparency/price-transparency-files,,,xlsx,,,IN,2021-09-30,2022-05-04,
,Ascension St Vincent Naab Road Surgery Center,,https://healthcare.ascension.org/-/media/project/ascension/healthcare/price-transparency-files/in/351991390_ascension-st-vincent-naab-road-surgery-center_standardcharges.xlsx,up,https://healthcare.ascension.org/price-transparency/price-transparency-files,,,xlsx,,,IN,2021-09-30,2022-05-04,
,Ascension St Vincent Carmel Ambulatory Surgery Center,,https://healthcare.ascension.org/-/media/project/ascension/healthcare/price-transparency-files/in/320014795_ascension-st-vincent-carmel-asc_standardcharges.xlsx,up,https://healthcare.ascension.org/price-transparency/price-transparency-files,,,xlsx,,,IN,2021-09-30,2022-05-04,
,Ascension St Vincent Endoscopy Center,,https://healthcare.ascension.org/-/media/project/ascension/healthcare/price-transparency-files/in/320029881_ascension-st-vincent-endoscopy-center_standardcharges.xlsx,up,https://healthcare.ascension.org/price-transparency/price-transparency-files,,,xlsx,,,IN,2021-09-30,2022-05-04,
,Ascension Medical Group St. Vincent Urgent Care,,https://healthcare.ascension.org/-/media/project/ascension/healthcare/price-transparency-files/in/ascension-medical-group-st-vincent-urgent-care.xlsx,up,https://healthcare.ascension.org/price-transparency/price-transparency-files,,,xlsx,,,IN,2021-09-30,2022-05-04,
,Ascension Via Christi Hospital Manhattan,,https://healthcare.ascension.org/-/media/project/ascension/healthcare/price-transparency-files/ks/481186704_ascension-via-christi-hospital-_standardcharges.xlsx,up,https://healthcare.ascension.org/price-transparency/price-transparency-files,,,xlsx,,,KS,2021-09-30,2022-05-04,
,Ascension Via Christi Hospital Pittsburg,,https://healthcare.ascension.org/-/media/project/ascension/healthcare/price-transparency-files/ks/480543778_ascension-via-christi-hospital_standardcharges.xlsx,up,https://healthcare.ascension.org/price-transparency/price-transparency-files,,,xlsx,,,KS,2021-09-30,2022-05-04,
,Ascension Via Christi St. Francis,,https://healthcare.ascension.org/-/media/project/ascension/healthcare/price-transparency-files/ks/481172106_ascension-via-christi-st-francis-_standardcharges.xlsx,up,https://healthcare.ascension.org/price-transparency/price-transparency-files,,,xlsx,,,KS,2021-09-30,2022-05-04,
,Ascension Via Christi St. Teresa,,https://healthcare.ascension.org/-/media/project/ascension/healthcare/price-transparency-files/ks/271965272_ascension-via-christi-st-teresa_standardcharges.xlsx,up,https://healthcare.ascension.org/price-transparency/price-transparency-files,,,xlsx,,,KS,2021-09-30,2022-05-04,
,Wamego Health Center,,https://healthcare.ascension.org/-/media/project/ascension/healthcare/price-transparency-files/ks/721526400_wamego-health-center_standardcharges.xlsx,up,https://healthcare.ascension.org/price-transparency/price-transparency-files,,,xlsx,,,KS,2021-09-30,2022-05-04,
,Ascension Via Christi Rehabilitation Hospital,,https://healthcare.ascension.org/-/media/project/ascension/healthcare/price-transparency-files/ks/481158274_ascension-via-christi-rehabiliatation-hospital_standardcharges.xlsx,up,https://healthcare.ascension.org/price-transparency/price-transparency-files,,,xlsx,,,KS,2021-09-30,2022-05-04,
,Saint Agnes Hospital,,https://healthcare.ascension.org/-/media/project/ascension/healthcare/price-transparency-files/md/520591657_saint-agnes-hospital_standardcharges.xlsx,up,https://healthcare.ascension.org/price-transparency/price-transparency-files,,,xlsx,,,MD,2021-09-30,2022-05-04,
,Ascension Providence Hospital Southfield Campus,,https://healthcare.ascension.org/-/media/project/ascension/healthcare/price-transparency-files/mi/381358212_ascension-providence-hospital-southfield-campus_standardcharges.xlsx,up,https://healthcare.ascension.org/price-transparency/price-transparency-files,,,xlsx,,,MI,2021-09-30,2022-05-04,
,Ascension Providence Hospital Novi Campus,,https://healthcare.ascension.org/-/media/project/ascension/healthcare/price-transparency-files/mi/381358212_ascension-providence-hospital-novi-campus_standardcharges.xlsx,up,https://healthcare.ascension.org/price-transparency/price-transparency-files,,,xlsx,,,MI,2021-09-30,2022-05-04,
,Ascension St. John Hospital,,https://healthcare.ascension.org/-/media/project/ascension/healthcare/price-transparency-files/mi/381359063_ascension-st-john-hospital_standardcharges.xlsx,up,https://healthcare.ascension.org/price-transparency/price-transparency-files,,,xlsx,,,MI,2021-09-30,2022-05-04,
,Ascension Macomb-Oakland Hospital Warren Campus,,https://healthcare.ascension.org/-/media/project/ascension/healthcare/price-transparency-files/mi/383322109_ascension-macomb-oakland-hospital-warren-campus_standardcharges.xlsx,up,https://healthcare.ascension.org/price-transparency/price-transparency-files,,,xlsx,,,MI,2021-09-30,2022-05-04,
,Ascension Macomb-Oakland Hospital Madison Heights Campus,,https://healthcare.ascension.org/-/media/project/ascension/healthcare/price-transparency-files/mi/383322109_ascension-macomb-oakland-hospital-madison-heights-campus_standardcharges.xlsx,up,https://healthcare.ascension.org/price-transparency/price-transparency-files,,,xlsx,,,MI,2021-09-30,2022-05-04,
,Ascension River District Hospital,,https://healthcare.ascension.org/-/media/project/ascension/healthcare/price-transparency-files/mi/383160564_ascension-river-district-hospital_standardcharges.xlsx,up,https://healthcare.ascension.org/price-transparency/price-transparency-files,,,xlsx,,,MI,2021-09-30,2022-05-04,
,Ascension Brighton Center for Recovery,,https://healthcare.ascension.org/-/media/project/ascension/healthcare/price-transparency-files/mi/381576680_ascension-brighton-center-for-recovery_standardcharges.xlsx,up,https://healthcare.ascension.org/price-transparency/price-transparency-files,,,xlsx,,,MI,2021-09-30,2022-05-04,
,Ascension Genesys Hospital,,https://healthcare.ascension.org/-/media/project/ascension/healthcare/price-transparency-files/mi/382377821_ascension-genesys-hospital_standardcharges.xlsx,up,https://healthcare.ascension.org/price-transparency/price-transparency-files,,,xlsx,,,MI,2021-09-30,2022-05-04,
,Ascension Borgess Hospital and Ascension Borgess-Pipp Hospital,,https://healthcare.ascension.org/-/media/project/ascension/healthcare/price-transparency-files/mi/381360526_ascension-borgess-hospital-and-ascension-borgess-pipp-hospital_standardcharges.xlsx,up,https://healthcare.ascension.org/price-transparency/price-transparency-files,,,xlsx,,,MI,2021-09-30,2022-05-04,
,Ascension Borgess Allegan Hospital,,https://healthcare.ascension.org/-/media/project/ascension/healthcare/price-transparency-files/mi/381359180_ascension-borgess-allegan-hospital_standardcharges.xlsx,up,https://healthcare.ascension.org/price-transparency/price-transparency-files,,,xlsx,,,MI,2021-09-30,2022-05-04,
,Ascension Borgess-Lee Hospital,,https://healthcare.ascension.org/-/media/project/ascension/healthcare/price-transparency-files/mi/381490190_ascension-borgess-lee-hospital_standardcharges.xlsx,up,https://healthcare.ascension.org/price-transparency/price-transparency-files,,,xlsx,,,MI,2021-09-30,2022-05-04,
,Ascension Providence Rochester Hospital,,https://healthcare.ascension.org/-/media/project/ascension/healthcare/price-transparency-files/mi/381359247_asccension-providence-rochester-hospital_standardcharges.xlsx,up,https://healthcare.ascension.org/price-transparency/price-transparency-files,,,xlsx,,,MI,2021-09-30,2022-05-04,
,Ascension St. Mary's Hospital,,https://healthcare.ascension.org/-/media/project/ascension/healthcare/price-transparency-files/mi/380997730_ascension-st-marys-hospital_standardcharges.xlsx,up,https://healthcare.ascension.org/price-transparency/price-transparency-files,,,xlsx,,,MI,2021-09-30,2022-05-04,
,Ascension St. Joseph Hospital,,https://healthcare.ascension.org/-/media/project/ascension/healthcare/price-transparency-files/mi/381443395_ascension-st-joseph-hospital_standardcharges.xlsx,up,https://healthcare.ascension.org/price-transparency/price-transparency-files,,,xlsx,,,MI,2021-09-30,2022-05-04,
,Ascension Standish Hospital,,https://healthcare.ascension.org/-/media/project/ascension/healthcare/price-transparency-files/mi/381671120_ascension-standish-hospital_standardcharges.xlsx,up,https://healthcare.ascension.org/price-transparency/price-transparency-files,,,xlsx,,,MI,2021-09-30,2022-05-04,
,Our Lady of Lourdes Memorial Hospital,,https://healthcare.ascension.org/-/media/project/ascension/healthcare/price-transparency-files/ny/150532221_our-lady-of-lourdes-memorial-hospital_standardcharges.xlsx,up,https://healthcare.ascension.org/price-transparency/price-transparency-files,,,xlsx,,,NY,2021-09-30,2022-05-04,
,Ascension St. John Jane Phillips,,https://healthcare.ascension.org/-/media/project/ascension/healthcare/price-transparency-files/ok/730606129_ascension-st-john-jane-phillips_standardcharges.xlsx,up,https://healthcare.ascension.org/price-transparency/price-transparency-files,,,xlsx,,,OK,2021-09-30,2022-05-04,
,Ascension St. John Medical Center,,https://healthcare.ascension.org/-/media/project/ascension/healthcare/price-transparency-files/ok/730579286_ascension-st-john-medical-center_standardcharges.xlsx,up,https://healthcare.ascension.org/price-transparency/price-transparency-files,,,xlsx,,,OK,2021-09-30,2022-05-04,
,Ascension St. John Owasso,,https://healthcare.ascension.org/-/media/project/ascension/healthcare/price-transparency-files/ok/203700131_ascension-st-john-owasso_standardcharges.xlsx,up,https://healthcare.ascension.org/price-transparency/price-transparency-files,,,xlsx,,,OK,2021-09-30,2022-05-04,
,Ascension St. John Broken Arrow,,https://healthcare.ascension.org/-/media/project/ascension/healthcare/price-transparency-files/ok/383833117_ascension-st-john-broken-arrow_standardcharges.xlsx,up,https://healthcare.ascension.org/price-transparency/price-transparency-files,,,xlsx,,,OK,2021-09-30,2022-05-04,
,Ascension St. John Nowata,,https://healthcare.ascension.org/-/media/project/ascension/healthcare/price-transparency-files/ok/731440267_ascension-st-john-nowata_standardcharges.xlsx,up,https://healthcare.ascension.org/price-transparency/price-transparency-files,,,xlsx,,,OK,2021-09-30,2022-05-04,
,Ascension St. John Sapulpa,,https://healthcare.ascension.org/-/media/project/ascension/healthcare/price-transparency-files/tn/620475842_ascension-saint-thomas-rutherford_standardcharges.xlsx,up,https://healthcare.ascension.org/price-transparency/price-transparency-files,,,xlsx,,,OK,2021-09-30,2022-05-04,
,Ascension Saint Thomas Rutherford,,https://healthcare.ascension.org/-/media/project/ascension/healthcare/price-transparency-files/tn/620475842_ascension-saint-thomas-rutherford_standardcharges.xlsx,up,https://healthcare.ascension.org/price-transparency/price-transparency-files,,,xlsx,,,TN,2021-09-30,2022-05-04,
,Ascension Saint Thomas Hospital West,,https://healthcare.ascension.org/-/media/project/ascension/healthcare/price-transparency-files/tn/620347580_ascension-saint-thomas-hospital-west_standardcharges.xlsx,up,https://healthcare.ascension.org/price-transparency/price-transparency-files,,,xlsx,,,TN,2021-09-30,2022-05-04,
,Ascension Saint Thomas Hospital Midtown,,https://healthcare.ascension.org/-/media/project/ascension/healthcare/price-transparency-files/tn/621869474_ascension-saint-thomas-hospital-midtown_standardcharges.xlsx,up,https://healthcare.ascension.org/price-transparency/price-transparency-files,,,xlsx,,,TN,2021-09-30,2022-05-04,
,Ascension Saint Thomas Hickman,,https://healthcare.ascension.org/-/media/project/ascension/healthcare/price-transparency-files/tn/581737573_ascension-saint-thomas-hickman_standardcharges.xlsx,up,https://healthcare.ascension.org/price-transparency/price-transparency-files,,,xlsx,,,TN,2021-09-30,2022-05-04,
,Ascension Saint Thomas Dekalb,,https://healthcare.ascension.org/-/media/project/ascension/healthcare/price-transparency-files/tn/474063289_ascension-saint-thomas-dekalb_standardcharges.xlsx,up,https://healthcare.ascension.org/price-transparency/price-transparency-files,,,xlsx,,,TN,2021-09-30,2022-05-04,
,Ascension Saint Thomas Highlands,,https://healthcare.ascension.org/-/media/project/ascension/healthcare/price-transparency-files/tn/474063406_ascension-saint-thomas-highlands_standardcharges.xlsx,up,https://healthcare.ascension.org/price-transparency/price-transparency-files,,,xlsx,,,TN,2021-09-30,2022-05-04,
,Ascension Saint Thomas River Park,,https://healthcare.ascension.org/-/media/project/ascension/healthcare/price-transparency-files/tn/474063149_ascension-saint-thomas-river-park_standardcharges.xlsx,up,https://healthcare.ascension.org/price-transparency/price-transparency-files,,,xlsx,,,TN,2021-09-30,2022-05-04,
,Ascension Saint Thomas Stones River,,https://healthcare.ascension.org/-/media/project/ascension/healthcare/price-transparency-files/tn/474063232_ascension-saint-thomas-stones-river_standardcharges.xlsx,up,https://healthcare.ascension.org/price-transparency/price-transparency-files,,,xlsx,,,TN,2021-09-30,2022-05-04,
,Ascension Saint Thomas Three Rivers,,https://healthcare.ascension.org/-/media/project/ascension/healthcare/price-transparency-files/tn/26-1861676_ascension-saint-thomas-three-rivers_standardcharges.csv,up,https://healthcare.ascension.org/price-transparency/price-transparency-files,,,xlsx,,,TN,2021-09-30,2022-05-04,
,Ascension Seton Medical Center Austin,,https://healthcare.ascension.org/-/media/project/ascension/healthcare/price-transparency-files/tx/741109643_ascension-seton-medical-center-austin_standardcharges.xlsx,up,https://healthcare.ascension.org/price-transparency/price-transparency-files,,,xlsx,,,TX,2021-09-30,2022-05-04,
,Dell Seton Medical Center at the University of Texas,,https://healthcare.ascension.org/-/media/project/ascension/healthcare/price-transparency-files/tx/741109643_dell-seton-medical-center-at-the-university-of-texas_standardcharges.xlsx,up,https://healthcare.ascension.org/price-transparency/price-transparency-files,,,xlsx,,,TX,2021-09-30,2022-05-04,
,Ascension Seton Smithville,,https://healthcare.ascension.org/-/media/project/ascension/healthcare/price-transparency-files/tx/741109643_ascension-seton-smithville_standardcharges.xlsx,up,https://healthcare.ascension.org/price-transparency/price-transparency-files,,,xlsx,,,TX,2021-09-30,2022-05-04,
,Ascension Seton Southwest,,https://healthcare.ascension.org/-/media/project/ascension/healthcare/price-transparency-files/tx/741109643_ascension-seton-southwest_standardcharges.xlsx,up,https://healthcare.ascension.org/price-transparency/price-transparency-files,,,xlsx,,,TX,2021-09-30,2022-05-04,
,Ascension Seton Northwest,,https://healthcare.ascension.org/-/media/project/ascension/healthcare/price-transparency-files/tx/741109643_ascension-seton-northwest_standardcharges.xlsx,up,https://healthcare.ascension.org/price-transparency/price-transparency-files,,,xlsx,,,TX,2021-09-30,2022-05-04,
,Ascension Seton Highland Lakes,,https://healthcare.ascension.org/-/media/project/ascension/healthcare/price-transparency-files/tx/741109643_ascension-seton-highland-lakes_standardcharges.xlsx,up,https://healthcare.ascension.org/price-transparency/price-transparency-files,,,xlsx,,,TX,2021-09-30,2022-05-04,
,Ascension Seton Edgar B Davis,,https://healthcare.ascension.org/-/media/project/ascension/healthcare/price-transparency-files/tx/741109643_ascension-seton-edgar-b-davis_standardcharges.xlsx,up,https://healthcare.ascension.org/price-transparency/price-transparency-files,,,xlsx,,,TX,2021-09-30,2022-05-04,
,Dell Children's Medical Center,,https://healthcare.ascension.org/-/media/project/ascension/healthcare/price-transparency-files/tx/741109643_dell-childrens-medical-center_standardcharges.xlsx,up,https://healthcare.ascension.org/price-transparency/price-transparency-files,,,xlsx,,,TX,2021-09-30,2022-05-04,
,Ascension Seton Shoal Creek (IP Psych),,https://healthcare.ascension.org/-/media/project/ascension/healthcare/price-transparency-files/tx/741109643_ascension-seton-shoal-creek-ip-psych_standardcharges.xlsx,up,https://healthcare.ascension.org/price-transparency/price-transparency-files,,,xlsx,,,TX,2021-09-30,2022-05-04,
,Ascension Seton Williamson,,https://healthcare.ascension.org/-/media/project/ascension/healthcare/price-transparency-files/tx/741109643_ascension-seton-williamson_standardcharges.xlsx,up,https://healthcare.ascension.org/price-transparency/price-transparency-files,,,xlsx,,,TX,2021-09-30,2022-05-04,
,Ascension Seton Bastrop,,https://healthcare.ascension.org/-/media/project/ascension/healthcare/price-transparency-files/tx/741109643_ascension-seton-bastrop_standardcharges.xlsx,up,https://healthcare.ascension.org/price-transparency/price-transparency-files,,,xlsx,,,TX,2021-09-30,2022-05-04,
,Ascension Seton Hays,,https://healthcare.ascension.org/-/media/project/ascension/healthcare/price-transparency-files/tx/741109643_ascension-seton-hays_standardcharges.xlsx,up,https://healthcare.ascension.org/price-transparency/price-transparency-files,,,xlsx,,,TX,2021-09-30,2022-05-04,
,Ascension Providence,,https://healthcare.ascension.org/-/media/project/ascension/healthcare/price-transparency-files/tx/741109636_ascension-providence_standardcharges.xlsx,up,https://healthcare.ascension.org/price-transparency/price-transparency-files,,,xlsx,,,TX,2021-09-30,2022-05-04,
,Ascension Providence DePaul (Distinct Part Unit),,https://healthcare.ascension.org/-/media/project/ascension/healthcare/price-transparency-files/tx/741109636_ascension-providence-depaul-distinct-part-unit_standardcharges.xlsx,up,https://healthcare.ascension.org/price-transparency/price-transparency-files,,,xlsx,,,TX,2021-09-30,2022-05-04,
,Ascension NE Wisconsin - St. Elizabeth Campus,,https://healthcare.ascension.org/-/media/project/ascension/healthcare/price-transparency-files/wi/390816818_ascension-ne-wisconsin-st-elizabeth-campus_standardcharges.xlsx,up,https://healthcare.ascension.org/price-transparency/price-transparency-files,,,xlsx,,,WI,2021-09-30,2022-05-04,
,Ascension NE Wisconsin - Mercy Campus,,https://healthcare.ascension.org/-/media/project/ascension/healthcare/price-transparency-files/wi/390816818_ascension-ne-wisconsin-mercy-campus_standardcharges.xlsx,up,https://healthcare.ascension.org/price-transparency/price-transparency-files,,,xlsx,,,WI,2021-09-30,2022-05-04,
,Ascension Calumet Hospital,,https://healthcare.ascension.org/-/media/project/ascension/healthcare/price-transparency-files/wi/390905385_ascension-calumet-hospital_standardcharges.xlsx,up,https://healthcare.ascension.org/price-transparency/price-transparency-files,,,xlsx,,,WI,2021-09-30,2022-05-04,
,Midwest Orthopedic Specialty Hospital,,https://healthcare.ascension.org/-/media/project/ascension/healthcare/price-transparency-files/wi/562592868_midwest-orthopedic-specialty-hospital_standardcharges.xlsx,up,https://healthcare.ascension.org/price-transparency/price-transparency-files,,,xlsx,,,WI,2021-09-30,2022-05-04,
,Ascension SE Wisconsin Hospital - Elmbrook Campus,,https://healthcare.ascension.org/-/media/project/ascension/healthcare/price-transparency-files/wi/390816857_ascension-se-wisconsin-hospital-elmbrook-campus_standardcharges.xlsx,up,https://healthcare.ascension.org/price-transparency/price-transparency-files,,,xlsx,,,WI,2021-09-30,2022-05-04,
,Ascension SE Wisconsin Hospital - St. Joseph Campus,,https://healthcare.ascension.org/-/media/project/ascension/healthcare/price-transparency-files/wi/390816857_ascension-se-wisconsin-hospital-st-joseph-campus_standardcharges.xlsx,up,https://healthcare.ascension.org/price-transparency/price-transparency-files,,,xlsx,,,WI,2021-09-30,2022-05-04,
,Ascension All Saints Hospital Wisconsin Avenue Campus,,https://healthcare.ascension.org/-/media/project/ascension/healthcare/price-transparency-files/wi/391264986_ascension-all-saints-hospital-wisconsin-avenue-campus_standardcharges.xlsx,up,https://healthcare.ascension.org/price-transparency/price-transparency-files,,,xlsx,,,WI,2021-09-30,2022-05-04,
,Ascension SE Wisconsin Hospital - Franklin Campus,,https://healthcare.ascension.org/-/media/project/ascension/healthcare/price-transparency-files/wi/390816857_ascension-se-wisconsin-hospital-franklin-campus_standardcharges.xlsx,up,https://healthcare.ascension.org/price-transparency/price-transparency-files,,,xlsx,,,WI,2021-09-30,2022-05-04,
,Ascension St. Francis Hospital,,https://healthcare.ascension.org/-/media/project/ascension/healthcare/price-transparency-files/wi/390907740_ascension-st-francis-hospital_standardcharges.xlsx,up,https://healthcare.ascension.org/price-transparency/price-transparency-files,,,xlsx,,,WI,2021-09-30,2022-05-04,
,Ascension Columbia St. Mary's Hospital Ozaukee,,https://healthcare.ascension.org/-/media/project/ascension/healthcare/price-transparency-files/wi/390807063_ascension-columbia-st-marys-hospital-ozaukee_standardcharges.xlsx,up,https://healthcare.ascension.org/price-transparency/price-transparency-files,,,xlsx,,,WI,2021-09-30,2022-05-04,
,Ascension Columbia St. Mary's Hospital Milwaukee (incl Columbia St. Mary's Women's Hosp.),,https://healthcare.ascension.org/-/media/project/ascension/healthcare/price-transparency-files/wi/390806315_ascension-columbia-st-marys-hospital-milwaukee-incl-columbia-st-marys-womens-hospital_standardcharges.xlsx,up,https://healthcare.ascension.org/price-transparency/price-transparency-files,,,xlsx,,,WI,2021-09-30,2022-05-04,
,Ascension Sacred Heart Rehabilitation Hospital,,https://healthcare.ascension.org/-/media/project/ascension/healthcare/price-transparency-files/wi/390902199_ascension-sacred-heart-rehabilitation-hospital_standardcharges.xlsx,up,https://healthcare.ascension.org/price-transparency/price-transparency-files,,,xlsx,,,WI,2021-09-30,2022-05-04,
,Orthopaedic Hospital of Wisconsin,,https://healthcare.ascension.org/-/media/project/ascension/healthcare/price-transparency-files/wi/392015655_orthopaedic-hospital-of-wisconsin_standardcharges.xlsx,up,https://healthcare.ascension.org/price-transparency/price-transparency-files,,,xlsx,,,WI,2021-09-30,2022-05-04,